date,weight,day_of_week,is_weekend,is_holiday
2017-10-10,189.0,Tuesday,False,False
2017-10-11,188.0,Wednesday,False,False
2017-10-14,187.6,Saturday,True,False
2017-10-15,187.2,Sunday,True,False
2017-10-16,186.2,Monday,False,False
2017-10-17,186.8,Tuesday,False,False
2017-10-18,186.2,Wednesday,False,False
2017-10-19,185.6,Thursday,False,False
2017-10-20,185.0,Friday,False,False
2017-10-21,185.8,Saturday,True,False
2017-10-22,185.4,Sunday,True,False
2017-10-24,185.8,Tuesday,False,False
2017-10-25,186.8,Wednesday,False,False
2017-10-26,185.2,Thursday,False,False
2017-10-27,183.6,Friday,False,False
2017-10-28,183.8,Saturday,True,False
2017-10-29,184.4,Sunday,True,False
2017-10-30,183.2,Monday,False,False
2017-10-31,183.4,Tuesday,False,False
2017-11-01,184.6,Wednesday,False,False
2017-11-02,184.4,Thursday,False,False
2017-11-03,184.8,Friday,False,False
2017-11-06,186.2,Monday,False,False
2017-11-07,185.0,Tuesday,False,False
2017-11-08,185.8,Wednesday,False,False
2017-11-09,185.4,Thursday,False,False
2017-11-10,185.4,Friday,False,True
2017-11-12,184.4,Sunday,True,False
2017-11-13,183.2,Monday,False,False
2017-11-14,186.0,Tuesday,False,False
2017-11-15,183.8,Wednesday,False,False
2017-11-16,185.0,Thursday,False,False
2017-11-17,185.0,Friday,False,False
2017-11-18,185.2,Saturday,True,False
2017-11-19,184.8,Sunday,True,False
2017-11-20,183.6,Monday,False,False
2017-11-26,187.4,Sunday,True,False
2017-11-27,185.5,Monday,False,False
2017-11-28,185.8,Tuesday,False,False
2017-11-30,185.4,Thursday,False,False
2017-12-01,185.0,Friday,False,False
2017-12-03,185.4,Sunday,True,False
2017-12-04,183.4,Monday,False,False
2017-12-05,185.2,Tuesday,False,False
2017-12-08,185.6,Friday,False,False
2017-12-09,183.8,Saturday,True,False
2017-12-12,186.8,Tuesday,False,False
2017-12-13,184.8,Wednesday,False,False
2017-12-16,185.4,Saturday,True,False
2017-12-17,184.6,Sunday,True,False
2017-12-18,185.4,Monday,False,False
2017-12-19,186.6,Tuesday,False,False
2017-12-22,189.2,Friday,False,False
2017-12-24,188.0,Sunday,True,False
2017-12-26,188.4,Tuesday,False,False
2017-12-28,188.8,Thursday,False,False
2017-12-31,190.2,Sunday,True,False
2018-01-02,191.6,Tuesday,False,False
2018-01-03,191.6,Wednesday,False,False
2018-01-08,190.2,Monday,False,False
2018-01-09,190.6,Tuesday,False,False
2018-01-10,190.4,Wednesday,False,False
2018-01-11,190.0,Thursday,False,False
2018-01-12,189.8,Friday,False,False
2018-01-13,189.0,Saturday,True,False
2018-01-17,191.4,Wednesday,False,False
2018-01-18,191.4,Thursday,False,False
2018-01-19,191.0,Friday,False,False
2018-01-22,193.4,Monday,False,False
2018-01-23,190.2,Tuesday,False,False
2018-01-24,190.2,Wednesday,False,False
2018-01-25,191.0,Thursday,False,False
2018-01-26,191.6,Friday,False,False
2018-01-29,191.6,Monday,False,False
2018-01-30,191.4,Tuesday,False,False
2018-01-31,189.4,Wednesday,False,False
2018-02-01,190.0,Thursday,False,False
2018-02-04,190.4,Sunday,True,False
2018-02-06,191.4,Tuesday,False,False
2018-02-08,189.4,Thursday,False,False
2018-02-09,191.0,Friday,False,False
2018-02-11,192.2,Sunday,True,False
2018-02-14,191.2,Wednesday,False,False
2018-02-15,189.0,Thursday,False,False
2018-02-16,188.2,Friday,False,False
2018-02-17,188.0,Saturday,True,False
2018-02-18,189.0,Sunday,True,False
2018-02-19,188.0,Monday,False,True
2018-02-20,188.0,Tuesday,False,False
2018-02-21,185.6,Wednesday,False,False
2018-02-22,185.4,Thursday,False,False
2018-02-23,186.2,Friday,False,False
2018-02-24,188.2,Saturday,True,False
2018-02-25,187.2,Sunday,True,False
2018-02-26,187.2,Monday,False,False
2018-03-02,186.2,Friday,False,False
2018-03-03,187.8,Saturday,True,False
2018-03-04,185.2,Sunday,True,False
2018-03-05,185.2,Monday,False,False
2018-03-06,187.4,Tuesday,False,False
2018-03-07,186.0,Wednesday,False,False
2018-03-08,187.0,Thursday,False,False
2018-03-12,187.4,Monday,False,False
2018-03-13,187.2,Tuesday,False,False
2018-03-14,187.4,Wednesday,False,False
2018-03-18,184.4,Sunday,True,False
2018-03-19,184.6,Monday,False,False
2018-03-20,185.6,Tuesday,False,False
2018-03-21,185.8,Wednesday,False,False
2018-03-22,185.2,Thursday,False,False
2018-03-23,185.6,Friday,False,False
2018-03-26,183.2,Monday,False,False
2018-03-27,181.8,Tuesday,False,False
2018-03-28,182.8,Wednesday,False,False
2018-03-30,185.2,Friday,False,False
2018-04-09,184.4,Monday,False,False
2018-04-12,185.0,Thursday,False,False
2018-04-13,185.2,Friday,False,False
2018-04-15,184.4,Sunday,True,False
2018-04-17,185.0,Tuesday,False,False
2018-04-24,186.2,Tuesday,False,False
2018-04-26,185.4,Thursday,False,False
2018-04-27,185.6,Friday,False,False
2018-04-30,185.4,Monday,False,False
2018-05-01,185.2,Tuesday,False,False
2018-05-04,187.2,Friday,False,False
2018-05-07,186.2,Monday,False,False
2018-05-10,186.6,Thursday,False,False
2018-05-18,185.2,Friday,False,False
2018-05-20,186.0,Sunday,True,False
2018-05-22,185.8,Tuesday,False,False
2018-05-28,185.6,Monday,False,True
2018-06-02,186.0,Saturday,True,False
2018-06-03,185.4,Sunday,True,False
2018-06-04,184.6,Monday,False,False
2018-06-06,186.8,Wednesday,False,False
2018-06-09,183.6,Saturday,True,False
2018-06-11,183.6,Monday,False,False
2018-06-20,188.2,Wednesday,False,False
2018-06-22,187.8,Friday,False,False
2018-06-23,187.0,Saturday,True,False
2018-06-25,188.2,Monday,False,False
2018-06-27,189.0,Wednesday,False,False
2018-06-28,187.6,Thursday,False,False
2018-07-01,189.8,Sunday,True,False
2018-07-03,188.7,Tuesday,False,False
2018-07-05,187.2,Thursday,False,False
2018-07-06,187.8,Friday,False,False
2018-07-07,186.8,Saturday,True,False
2018-07-09,186.8,Monday,False,False
2018-07-11,189.2,Wednesday,False,False
2018-07-12,188.4,Thursday,False,False
2018-07-13,187.6,Friday,False,False
2018-07-14,187.0,Saturday,True,False
2018-07-18,188.8,Wednesday,False,False
2018-07-19,186.6,Thursday,False,False
2018-07-27,192.0,Friday,False,False
2018-07-31,188.0,Tuesday,False,False
2018-08-01,190.0,Wednesday,False,False
2018-08-02,188.8,Thursday,False,False
2018-08-03,188.0,Friday,False,False
2018-08-04,186.0,Saturday,True,False
2018-08-05,185.2,Sunday,True,False
2018-08-06,186.2,Monday,False,False
2018-08-07,188.0,Tuesday,False,False
2018-08-09,187.6,Thursday,False,False
2018-08-11,187.4,Saturday,True,False
2018-08-12,185.2,Sunday,True,False
2018-08-13,185.6,Monday,False,False
2018-08-15,187.4,Wednesday,False,False
2018-08-19,184.4,Sunday,True,False
2018-08-20,182.6,Monday,False,False
2018-08-21,183.4,Tuesday,False,False
2018-08-22,185.2,Wednesday,False,False
2018-08-24,185.4,Friday,False,False
2018-08-25,186.1,Saturday,True,False
2018-08-26,184.0,Sunday,True,False
2018-08-28,183.6,Tuesday,False,False
2018-08-29,183.8,Wednesday,False,False
2018-09-04,185.6,Tuesday,False,False
2018-09-05,185.0,Wednesday,False,False
2018-09-06,186.0,Thursday,False,False
2018-09-07,183.6,Friday,False,False
2018-09-09,182.4,Sunday,True,False
2018-09-10,182.8,Monday,False,False
2018-09-11,184.0,Tuesday,False,False
2018-09-12,183.8,Wednesday,False,False
2018-09-15,183.8,Saturday,True,False
2018-09-17,185.0,Monday,False,False
2018-09-18,185.2,Tuesday,False,False
2018-09-19,184.0,Wednesday,False,False
2018-09-21,185.4,Friday,False,False
2018-09-23,182.6,Sunday,True,False
2018-09-24,185.4,Monday,False,False
2018-09-25,184.6,Tuesday,False,False
2018-09-26,183.6,Wednesday,False,False
2018-09-27,183.6,Thursday,False,False
2018-09-28,183.0,Friday,False,False
2018-09-29,181.6,Saturday,True,False
2018-09-30,182.0,Sunday,True,False
2018-10-01,183.4,Monday,False,False
2018-10-02,184.8,Tuesday,False,False
2018-10-03,185.6,Wednesday,False,False
2018-10-06,185.6,Saturday,True,False
2018-10-08,186.6,Monday,False,True
2018-10-09,188.0,Tuesday,False,False
2018-10-10,187.2,Wednesday,False,False
2018-10-11,187.0,Thursday,False,False
2018-10-12,186.0,Friday,False,False
2018-10-13,186.2,Saturday,True,False
2018-10-16,186.8,Tuesday,False,False
2018-10-17,188.4,Wednesday,False,False
2018-10-18,186.2,Thursday,False,False
2018-10-19,186.8,Friday,False,False
2018-10-20,187.0,Saturday,True,False
2018-10-22,187.4,Monday,False,False
2018-10-23,188.0,Tuesday,False,False
2018-10-24,187.6,Wednesday,False,False
2018-10-25,186.0,Thursday,False,False
2018-10-26,186.2,Friday,False,False
2018-10-29,189.0,Monday,False,False
2018-10-30,188.2,Tuesday,False,False
2018-10-31,187.0,Wednesday,False,False
2018-11-01,186.8,Thursday,False,False
2018-11-02,186.2,Friday,False,False
2018-11-03,188.2,Saturday,True,False
2018-11-05,186.6,Monday,False,False
2018-11-06,186.2,Tuesday,False,False
2018-11-08,187.4,Thursday,False,False
2018-11-09,187.0,Friday,False,False
2018-11-13,190.6,Tuesday,False,False
2018-11-14,190.4,Wednesday,False,False
2018-11-15,189.2,Thursday,False,False
2018-11-16,190.0,Friday,False,False
2018-11-19,189.8,Monday,False,False
2018-11-20,189.2,Tuesday,False,False
2018-11-26,191.0,Monday,False,False
2018-11-29,191.4,Thursday,False,False
2018-11-30,189.2,Friday,False,False
2018-12-03,190.0,Monday,False,False
2018-12-05,191.2,Wednesday,False,False
2018-12-06,190.0,Thursday,False,False
2018-12-07,191.4,Friday,False,False
2018-12-08,191.4,Saturday,True,False
2018-12-09,188.4,Sunday,True,False
2018-12-10,190.0,Monday,False,False
2018-12-11,190.2,Tuesday,False,False
2018-12-12,191.2,Wednesday,False,False
2018-12-13,190.6,Thursday,False,False
2018-12-14,191.6,Friday,False,False
2018-12-15,190.4,Saturday,True,False
2018-12-16,191.0,Sunday,True,False
2018-12-20,189.4,Thursday,False,False
2019-01-04,193.4,Friday,False,False
2019-01-05,192.0,Saturday,True,False
2019-01-06,192.0,Sunday,True,False
2019-01-07,191.2,Monday,False,False
2019-01-08,191.8,Tuesday,False,False
2019-01-09,191.6,Wednesday,False,False
2019-01-10,191.4,Thursday,False,False
2019-01-11,191.8,Friday,False,False
2019-01-12,191.0,Saturday,True,False
2019-01-14,191.0,Monday,False,False
2019-01-15,191.2,Tuesday,False,False
2019-01-16,190.4,Wednesday,False,False
2019-01-17,190.6,Thursday,False,False
2019-01-18,189.4,Friday,False,False
2019-01-19,187.8,Saturday,True,False
2019-01-20,188.4,Sunday,True,False
2019-01-21,187.4,Monday,False,True
2019-01-22,187.8,Tuesday,False,False
2019-01-29,192.2,Tuesday,False,False
2019-01-30,191.6,Wednesday,False,False
2019-01-31,191.0,Thursday,False,False
2019-02-01,191.0,Friday,False,False
2019-02-03,191.0,Sunday,True,False
2019-02-05,189.4,Tuesday,False,False
2019-02-07,190.2,Thursday,False,False
2019-02-08,191.6,Friday,False,False
2019-02-09,189.4,Saturday,True,False
2019-02-10,188.4,Sunday,True,False
2019-02-11,188.8,Monday,False,False
2019-02-12,190.0,Tuesday,False,False
2019-02-13,189.0,Wednesday,False,False
2019-02-14,189.0,Thursday,False,False
2019-02-15,188.0,Friday,False,False
2019-02-16,189.2,Saturday,True,False
2019-02-17,189.6,Sunday,True,False
2019-02-19,189.2,Tuesday,False,False
2019-02-21,188.2,Thursday,False,False
2019-02-22,188.4,Friday,False,False
2019-02-27,188.2,Wednesday,False,False
2019-02-28,188.4,Thursday,False,False
2019-03-01,187.4,Friday,False,False
2019-03-02,187.6,Saturday,True,False
2019-03-03,188.4,Sunday,True,False
2019-03-04,185.2,Monday,False,False
2019-03-05,187.6,Tuesday,False,False
2019-03-06,186.8,Wednesday,False,False
2019-03-07,185.6,Thursday,False,False
2019-03-08,185.8,Friday,False,False
2019-03-09,184.8,Saturday,True,False
2019-03-10,184.0,Sunday,True,False
2019-03-11,183.8,Monday,False,False
2019-03-12,183.6,Tuesday,False,False
2019-03-13,181.4,Wednesday,False,False
2019-03-14,182.0,Thursday,False,False
2019-03-15,181.8,Friday,False,False
2019-03-16,181.2,Saturday,True,False
2019-03-17,182.6,Sunday,True,False
2019-03-18,182.8,Monday,False,False
2019-03-19,181.0,Tuesday,False,False
2019-03-20,181.4,Wednesday,False,False
2019-03-21,179.6,Thursday,False,False
2019-03-22,181.0,Friday,False,False
2019-03-23,181.0,Saturday,True,False
2019-03-24,181.4,Sunday,True,False
2019-03-25,179.4,Monday,False,False
2019-03-26,180.6,Tuesday,False,False
2019-03-27,181.6,Wednesday,False,False
2019-03-28,178.6,Thursday,False,False
2019-03-29,180.4,Friday,False,False
2019-03-30,179.2,Saturday,True,False
2019-04-01,181.0,Monday,False,False
2019-04-02,178.4,Tuesday,False,False
2019-04-03,178.2,Wednesday,False,False
2019-04-04,179.2,Thursday,False,False
2019-04-05,179.6,Friday,False,False
2019-04-06,179.8,Saturday,True,False
2019-04-09,179.8,Tuesday,False,False
2019-04-10,177.4,Wednesday,False,False
2019-04-11,177.0,Thursday,False,False
2019-04-13,178.8,Saturday,True,False
2019-04-14,178.6,Sunday,True,False
2019-04-15,179.4,Monday,False,False
2019-04-16,179.8,Tuesday,False,False
2019-04-18,179.0,Thursday,False,False
2019-04-19,180.4,Friday,False,False
2019-04-23,176.0,Tuesday,False,False
2019-04-24,177.4,Wednesday,False,False
2019-04-25,178.2,Thursday,False,False
2019-04-29,179.8,Monday,False,False
2019-04-30,179.0,Tuesday,False,False
2019-05-01,179.4,Wednesday,False,False
2019-05-02,178.2,Thursday,False,False
2019-05-08,180.6,Wednesday,False,False
2019-05-10,177.6,Friday,False,False
2019-05-11,179.6,Saturday,True,False
2019-05-13,179.6,Monday,False,False
2019-05-14,179.8,Tuesday,False,False
2019-05-15,179.0,Wednesday,False,False
2019-05-16,179.6,Thursday,False,False
2019-05-17,180.6,Friday,False,False
2019-05-19,181.6,Sunday,True,False
2019-05-20,183.0,Monday,False,False
2019-05-21,181.0,Tuesday,False,False
2019-05-22,180.8,Wednesday,False,False
2019-05-23,180.4,Thursday,False,False
2019-05-25,181.8,Saturday,True,False
2019-05-28,181.8,Tuesday,False,False
2019-05-29,179.8,Wednesday,False,False
2019-05-30,179.0,Thursday,False,False
2019-06-03,182.4,Monday,False,False
2019-06-05,180.2,Wednesday,False,False
2019-06-06,181.0,Thursday,False,False
2019-06-07,181.0,Friday,False,False
2019-06-11,181.6,Tuesday,False,False
2019-06-12,180.4,Wednesday,False,False
2019-06-13,179.8,Thursday,False,False
2019-06-14,181.2,Friday,False,False
2019-06-18,181.6,Tuesday,False,False
2019-06-20,180.6,Thursday,False,False
2019-06-26,182.4,Wednesday,False,False
2019-06-27,180.4,Thursday,False,False
2019-06-28,179.8,Friday,False,False
2019-06-30,180.6,Sunday,True,False
2019-07-01,180.8,Monday,False,False
2019-07-11,181.8,Thursday,False,False
2019-07-12,181.0,Friday,False,False
2019-10-17,190.2,Thursday,False,False
2019-10-18,189.2,Friday,False,False
2019-10-21,190.2,Monday,False,False
2019-10-22,191.6,Tuesday,False,False
2019-10-23,191.0,Wednesday,False,False
2019-10-29,189.2,Tuesday,False,False
2019-10-30,191.0,Wednesday,False,False
2019-11-01,189.8,Friday,False,False
2019-11-02,190.6,Saturday,True,False
2019-11-03,189.2,Sunday,True,False
2019-11-04,191.2,Monday,False,False
2019-11-05,187.4,Tuesday,False,False
2019-11-06,187.2,Wednesday,False,False
2019-11-07,187.4,Thursday,False,False
2019-11-08,188.8,Friday,False,False
2019-11-09,186.8,Saturday,True,False
2019-11-10,187.8,Sunday,True,False
2019-11-11,187.8,Monday,False,True
2019-11-12,189.4,Tuesday,False,False
2019-11-13,188.4,Wednesday,False,False
2019-11-14,189.4,Thursday,False,False
2019-11-15,187.8,Friday,False,False
2019-11-19,187.8,Tuesday,False,False
2019-11-20,188.0,Wednesday,False,False
2019-11-21,186.6,Thursday,False,False
2019-11-22,185.6,Friday,False,False
2019-11-24,188.8,Sunday,True,False
2019-11-25,188.2,Monday,False,False
2019-11-26,186.6,Tuesday,False,False
2019-11-27,185.6,Wednesday,False,False
2019-11-28,188.0,Thursday,False,True
2019-11-29,189.4,Friday,False,False
2019-11-30,190.2,Saturday,True,False
2019-12-01,187.8,Sunday,True,False
2019-12-02,188.0,Monday,False,False
2019-12-04,188.8,Wednesday,False,False
2019-12-05,188.0,Thursday,False,False
2019-12-07,189.4,Saturday,True,False
2019-12-10,189.8,Tuesday,False,False
2019-12-11,187.8,Wednesday,False,False
2019-12-18,190.2,Wednesday,False,False
2019-12-19,189.4,Thursday,False,False
2019-12-20,188.4,Friday,False,False
2020-01-04,191.2,Saturday,True,False
2020-01-07,189.8,Tuesday,False,False
2020-01-08,190.4,Wednesday,False,False
2020-01-09,190.2,Thursday,False,False
2020-01-10,190.4,Friday,False,False
2020-01-12,191.0,Sunday,True,False
2020-01-13,191.8,Monday,False,False
2020-01-15,189.8,Wednesday,False,False
2020-01-16,189.0,Thursday,False,False
2020-01-17,189.0,Friday,False,False
2020-01-18,191.0,Saturday,True,False
2020-01-21,190.8,Tuesday,False,False
2020-01-27,191.2,Monday,False,False
2020-01-28,190.0,Tuesday,False,False
2020-01-29,189.6,Wednesday,False,False
2020-01-30,191.4,Thursday,False,False
2020-01-31,191.4,Friday,False,False
2020-02-01,189.2,Saturday,True,False
2020-02-03,190.8,Monday,False,False
2020-02-04,189.4,Tuesday,False,False
2020-02-05,190.6,Wednesday,False,False
2020-02-06,190.2,Thursday,False,False
2020-02-07,191.4,Friday,False,False
2020-02-08,191.0,Saturday,True,False
2020-02-10,191.2,Monday,False,False
2020-02-11,189.2,Tuesday,False,False
2020-02-12,191.6,Wednesday,False,False
2020-02-13,192.2,Thursday,False,False
2020-02-14,189.6,Friday,False,False
2020-02-15,189.8,Saturday,True,False
2020-02-16,190.4,Sunday,True,False
2020-02-17,191.4,Monday,False,True
2020-02-18,189.6,Tuesday,False,False
2020-02-19,189.2,Wednesday,False,False
2020-02-20,188.0,Thursday,False,False
2020-02-21,188.8,Friday,False,False
2020-02-22,189.8,Saturday,True,False
2020-02-23,189.4,Sunday,True,False
2020-02-24,189.2,Monday,False,False
2020-02-25,189.4,Tuesday,False,False
2020-02-26,189.2,Wednesday,False,False
2020-02-27,189.6,Thursday,False,False
2020-02-28,189.0,Friday,False,False
2020-02-29,188.8,Saturday,True,False
2020-03-01,188.2,Sunday,True,False
2020-03-02,187.6,Monday,False,False
2020-03-03,188.4,Tuesday,False,False
2020-03-04,188.4,Wednesday,False,False
2020-03-05,187.8,Thursday,False,False
2020-03-06,188.4,Friday,False,False
2020-03-07,189.8,Saturday,True,False
2020-03-08,189.6,Sunday,True,False
2020-03-09,189.6,Monday,False,False
2020-03-10,187.8,Tuesday,False,False
2020-03-11,186.6,Wednesday,False,False
2020-03-12,185.6,Thursday,False,False
2020-03-13,187.2,Friday,False,False
2020-03-14,186.2,Saturday,True,False
2020-03-15,187.6,Sunday,True,False
2020-03-16,188.4,Monday,False,False
2020-03-17,185.6,Tuesday,False,False
2020-03-18,184.8,Wednesday,False,False
2020-03-19,188.0,Thursday,False,False
2020-03-20,188.2,Friday,False,False
2020-03-21,186.6,Saturday,True,False
2020-03-22,186.6,Sunday,True,False
2020-03-23,186.8,Monday,False,False
2020-03-24,186.2,Tuesday,False,False
2020-03-25,185.8,Wednesday,False,False
2020-03-26,186.2,Thursday,False,False
2020-03-27,185.8,Friday,False,False
2020-03-28,185.4,Saturday,True,False
2020-03-29,186.2,Sunday,True,False
2020-03-30,187.0,Monday,False,False
2020-03-31,184.6,Tuesday,False,False
2020-04-01,184.8,Wednesday,False,False
2020-04-02,184.4,Thursday,False,False
2020-04-03,183.8,Friday,False,False
2020-04-04,184.0,Saturday,True,False
2020-04-05,183.6,Sunday,True,False
2020-04-06,183.0,Monday,False,False
2020-04-07,182.6,Tuesday,False,False
2020-04-08,183.2,Wednesday,False,False
2020-04-09,183.2,Thursday,False,False
2020-04-10,182.0,Friday,False,False
2020-04-11,182.2,Saturday,True,False
2020-04-12,181.8,Sunday,True,False
2020-04-13,182.2,Monday,False,False
2020-04-14,181.4,Tuesday,False,False
2020-04-15,180.2,Wednesday,False,False
2020-04-16,180.2,Thursday,False,False
2020-04-17,179.6,Friday,False,False
2020-04-18,180.4,Saturday,True,False
2020-04-20,181.8,Monday,False,False
2020-04-21,180.2,Tuesday,False,False
2020-04-22,179.8,Wednesday,False,False
2020-04-23,179.6,Thursday,False,False
2020-04-24,179.8,Friday,False,False
2020-04-25,181.4,Saturday,True,False
2020-04-26,180.8,Sunday,True,False
2020-04-27,181.2,Monday,False,False
2020-04-28,180.0,Tuesday,False,False
2020-04-29,179.8,Wednesday,False,False
2020-04-30,179.8,Thursday,False,False
2020-05-01,179.6,Friday,False,False
2020-05-02,179.2,Saturday,True,False
2020-05-03,179.8,Sunday,True,False
2020-05-04,180.6,Monday,False,False
2020-05-05,179.4,Tuesday,False,False
2020-05-06,178.8,Wednesday,False,False
2020-05-07,178.2,Thursday,False,False
2020-05-08,178.6,Friday,False,False
2020-05-09,178.4,Saturday,True,False
2020-05-10,177.6,Sunday,True,False
2020-05-11,177.4,Monday,False,False
2020-05-12,177.8,Tuesday,False,False
2020-05-13,177.2,Wednesday,False,False
2020-05-14,177.6,Thursday,False,False
2020-05-15,178.2,Friday,False,False
2020-05-16,178.2,Saturday,True,False
2020-05-17,178.2,Sunday,True,False
2020-05-18,179.2,Monday,False,False
2020-05-19,178.4,Tuesday,False,False
2020-05-20,178.2,Wednesday,False,False
2020-05-21,178.0,Thursday,False,False
2020-05-22,178.6,Friday,False,False
2020-05-23,178.2,Saturday,True,False
2020-05-24,177.8,Sunday,True,False
2020-05-25,177.6,Monday,False,True
2020-05-26,177.0,Tuesday,False,False
2020-05-27,177.8,Wednesday,False,False
2020-05-28,177.2,Thursday,False,False
2020-05-29,178.0,Friday,False,False
2020-05-30,176.6,Saturday,True,False
2020-05-31,176.8,Sunday,True,False
2020-06-01,177.2,Monday,False,False
2020-06-02,175.4,Tuesday,False,False
2020-06-03,175.6,Wednesday,False,False
2020-06-04,175.4,Thursday,False,False
2020-06-05,176.0,Friday,False,False
2020-06-06,176.6,Saturday,True,False
2020-06-07,176.4,Sunday,True,False
2020-06-08,177.4,Monday,False,False
2020-06-09,177.2,Tuesday,False,False
2020-06-10,176.4,Wednesday,False,False
2020-06-11,176.8,Thursday,False,False
2020-06-12,176.0,Friday,False,False
2020-06-13,175.4,Saturday,True,False
2020-06-14,175.8,Sunday,True,False
2020-06-15,176.4,Monday,False,False
2020-06-16,176.0,Tuesday,False,False
2020-06-17,175.4,Wednesday,False,False
2020-06-18,176.4,Thursday,False,False
2020-06-19,175.2,Friday,False,False
2020-06-20,175.6,Saturday,True,False
2020-06-21,175.0,Sunday,True,False
2020-06-22,176.4,Monday,False,False
2020-06-23,176.2,Tuesday,False,False
2020-06-24,175.4,Wednesday,False,False
2020-06-25,175.2,Thursday,False,False
2020-06-26,175.2,Friday,False,False
2020-06-27,174.8,Saturday,True,False
2020-06-28,175.2,Sunday,True,False
2020-06-29,176.0,Monday,False,False
2020-06-30,175.4,Tuesday,False,False
2020-07-01,176.2,Wednesday,False,False
2020-07-02,174.6,Thursday,False,False
2020-07-03,175.6,Friday,False,True
2020-07-04,175.4,Saturday,True,True
2020-07-05,176.2,Sunday,True,False
2020-07-06,175.4,Monday,False,False
2020-07-07,174.8,Tuesday,False,False
2020-07-08,175.0,Wednesday,False,False
2020-07-09,174.8,Thursday,False,False
2020-07-10,174.2,Friday,False,False
2020-07-11,176.2,Saturday,True,False
2020-07-12,175.4,Sunday,True,False
2020-07-13,175.4,Monday,False,False
2020-07-14,175.2,Tuesday,False,False
2020-07-15,175.2,Wednesday,False,False
2020-07-16,176.0,Thursday,False,False
2020-07-17,175.2,Friday,False,False
2020-07-18,175.6,Saturday,True,False
2020-07-19,175.0,Sunday,True,False
2020-07-20,175.8,Monday,False,False
2020-07-21,176.0,Tuesday,False,False
2020-07-22,175.4,Wednesday,False,False
2020-07-23,175.0,Thursday,False,False
2020-07-24,174.6,Friday,False,False
2020-07-25,176.2,Saturday,True,False
2020-07-26,176.6,Sunday,True,False
2020-07-27,176.8,Monday,False,False
2020-07-28,174.8,Tuesday,False,False
2020-07-29,174.8,Wednesday,False,False
2020-07-30,174.8,Thursday,False,False
2020-07-31,174.4,Friday,False,False
2020-08-01,174.4,Saturday,True,False
2020-08-02,174.8,Sunday,True,False
2020-08-03,174.2,Monday,False,False
2020-08-04,174.4,Tuesday,False,False
2020-08-05,174.4,Wednesday,False,False
2020-08-06,175.0,Thursday,False,False
2020-08-07,174.2,Friday,False,False
2020-08-08,176.4,Saturday,True,False
2020-08-09,174.4,Sunday,True,False
2020-08-10,175.4,Monday,False,False
2020-08-11,173.0,Tuesday,False,False
2020-08-12,173.2,Wednesday,False,False
2020-08-13,174.0,Thursday,False,False
2020-08-14,175.4,Friday,False,False
2020-08-15,174.8,Saturday,True,False
2020-08-16,174.8,Sunday,True,False
2020-08-17,174.2,Monday,False,False
2020-08-18,174.0,Tuesday,False,False
2020-08-19,174.6,Wednesday,False,False
2020-08-20,174.2,Thursday,False,False
2020-08-21,175.2,Friday,False,False
2020-08-22,176.0,Saturday,True,False
2020-08-24,173.2,Monday,False,False
2020-08-25,175.6,Tuesday,False,False
2020-08-26,176.6,Wednesday,False,False
2020-08-27,175.2,Thursday,False,False
2020-08-28,175.0,Friday,False,False
2020-08-29,175.0,Saturday,True,False
2020-08-30,176.0,Sunday,True,False
2020-09-01,176.0,Tuesday,False,False
2020-09-02,176.0,Wednesday,False,False
2020-09-03,175.6,Thursday,False,False
2020-09-04,174.4,Friday,False,False
2020-09-05,174.6,Saturday,True,False
2020-09-06,177.0,Sunday,True,False
2020-09-07,175.2,Monday,False,True
2020-09-08,176.4,Tuesday,False,False
2020-09-09,176.2,Wednesday,False,False
2020-09-10,176.2,Thursday,False,False
2020-09-11,175.8,Friday,False,False
2020-09-12,176.0,Saturday,True,False
2020-09-13,177.2,Sunday,True,False
2020-09-14,176.4,Monday,False,False
2020-09-15,177.4,Tuesday,False,False
2020-09-16,176.2,Wednesday,False,False
2020-09-17,175.8,Thursday,False,False
2020-09-18,175.0,Friday,False,False
2020-09-20,174.8,Sunday,True,False
2020-09-21,174.6,Monday,False,False
2020-09-22,174.4,Tuesday,False,False
2020-09-23,174.8,Wednesday,False,False
2020-09-24,174.2,Thursday,False,False
2020-09-25,175.0,Friday,False,False
2020-09-26,174.4,Saturday,True,False
2020-09-27,174.4,Sunday,True,False
2020-09-28,176.4,Monday,False,False
2020-09-29,175.4,Tuesday,False,False
2020-09-30,175.8,Wednesday,False,False
2020-10-01,174.8,Thursday,False,False
2020-10-02,175.4,Friday,False,False
2020-10-03,175.2,Saturday,True,False
2020-10-04,175.0,Sunday,True,False
2020-10-05,176.8,Monday,False,False
2020-10-06,174.8,Tuesday,False,False
2020-10-07,175.8,Wednesday,False,False
2020-10-08,175.8,Thursday,False,False
2020-10-09,174.8,Friday,False,False
2020-10-10,175.4,Saturday,True,False
2020-10-11,175.4,Sunday,True,False
2020-10-12,178.8,Monday,False,True
2020-10-13,177.0,Tuesday,False,False
2020-10-14,175.2,Wednesday,False,False
2020-10-15,176.6,Thursday,False,False
2020-10-16,175.8,Friday,False,False
2020-10-17,175.4,Saturday,True,False
2020-10-18,177.0,Sunday,True,False
2020-10-19,176.6,Monday,False,False
2020-10-20,175.0,Tuesday,False,False
2020-10-21,176.2,Wednesday,False,False
2020-10-22,176.4,Thursday,False,False
2020-10-23,176.8,Friday,False,False
2020-10-24,177.4,Saturday,True,False
2020-10-25,177.2,Sunday,True,False
2020-10-26,177.2,Monday,False,False
2020-10-27,177.8,Tuesday,False,False
2020-10-28,176.4,Wednesday,False,False
2020-10-29,175.2,Thursday,False,False
2020-10-30,175.2,Friday,False,False
2020-10-31,176.2,Saturday,True,False
2020-11-01,176.2,Sunday,True,False
2020-11-02,177.4,Monday,False,False
2020-11-03,175.8,Tuesday,False,False
2020-11-04,174.8,Wednesday,False,False
2020-11-05,175.0,Thursday,False,False
2020-11-06,176.0,Friday,False,False
2020-11-07,176.8,Saturday,True,False
2020-11-08,176.0,Sunday,True,False
2020-11-09,178.4,Monday,False,False
2020-11-10,176.6,Tuesday,False,False
2020-11-11,176.2,Wednesday,False,True
2020-11-12,175.4,Thursday,False,False
2020-11-13,177.0,Friday,False,False
2020-11-14,175.8,Saturday,True,False
2020-11-15,176.4,Sunday,True,False
2020-11-16,177.0,Monday,False,False
2020-11-17,176.6,Tuesday,False,False
2020-11-18,176.2,Wednesday,False,False
2020-11-19,175.6,Thursday,False,False
2020-11-20,176.2,Friday,False,False
2020-11-21,175.6,Saturday,True,False
2020-11-22,177.0,Sunday,True,False
2020-11-23,176.2,Monday,False,False
2020-11-24,176.2,Tuesday,False,False
2020-11-25,176.2,Wednesday,False,False
2020-11-26,177.8,Thursday,False,True
2020-11-27,178.0,Friday,False,False
2020-11-28,178.0,Saturday,True,False
2020-11-29,177.2,Sunday,True,False
2020-11-30,176.6,Monday,False,False
2020-12-01,177.6,Tuesday,False,False
2020-12-02,177.0,Wednesday,False,False
2020-12-03,177.0,Thursday,False,False
2020-12-04,176.8,Friday,False,False
2020-12-05,176.6,Saturday,True,False
2020-12-06,177.2,Sunday,True,False
2020-12-07,179.2,Monday,False,False
2020-12-08,177.0,Tuesday,False,False
2020-12-09,176.0,Wednesday,False,False
2020-12-10,175.4,Thursday,False,False
2020-12-11,176.4,Friday,False,False
2020-12-12,177.6,Saturday,True,False
2020-12-13,177.4,Sunday,True,False
2020-12-14,176.6,Monday,False,False
2020-12-15,176.2,Tuesday,False,False
2020-12-16,176.8,Wednesday,False,False
2020-12-17,176.6,Thursday,False,False
2020-12-18,177.6,Friday,False,False
2020-12-19,178.4,Saturday,True,False
2020-12-20,177.2,Sunday,True,False
2020-12-21,177.2,Monday,False,False
2020-12-22,176.8,Tuesday,False,False
2020-12-23,177.6,Wednesday,False,False
2020-12-24,178.4,Thursday,False,False
2020-12-25,177.8,Friday,False,True
2020-12-26,177.2,Saturday,True,False
2020-12-27,177.2,Sunday,True,False
2020-12-28,176.2,Monday,False,False
2020-12-29,177.2,Tuesday,False,False
2020-12-30,177.8,Wednesday,False,False
2020-12-31,175.8,Thursday,False,False
2021-01-01,177.2,Friday,False,True
2021-01-02,177.6,Saturday,True,False
2021-01-03,177.2,Sunday,True,False
2021-01-04,175.8,Monday,False,False
2021-01-05,176.2,Tuesday,False,False
2021-01-06,177.8,Wednesday,False,False
2021-01-07,176.6,Thursday,False,False
2021-01-08,176.8,Friday,False,False
2021-01-09,177.4,Saturday,True,False
2021-01-10,176.0,Sunday,True,False
2021-01-11,178.0,Monday,False,False
2021-01-12,177.6,Tuesday,False,False
2021-01-13,176.6,Wednesday,False,False
2021-01-14,177.8,Thursday,False,False
2021-01-15,177.4,Friday,False,False
2021-01-16,175.8,Saturday,True,False
2021-01-17,176.8,Sunday,True,False
2021-01-18,177.2,Monday,False,True
2021-01-19,177.2,Tuesday,False,False
2021-01-20,177.8,Wednesday,False,False
2021-01-21,178.0,Thursday,False,False
2021-01-22,178.8,Friday,False,False
2021-01-23,178.8,Saturday,True,False
2021-01-24,176.8,Sunday,True,False
2021-01-25,178.0,Monday,False,False
2021-01-26,177.6,Tuesday,False,False
2021-01-27,177.4,Wednesday,False,False
2021-01-28,178.4,Thursday,False,False
2021-01-29,178.2,Friday,False,False
2021-01-30,177.8,Saturday,True,False
2021-01-31,178.4,Sunday,True,False
2021-02-01,177.4,Monday,False,False
2021-02-02,179.0,Tuesday,False,False
2021-02-03,177.6,Wednesday,False,False
2021-02-04,179.4,Thursday,False,False
2021-02-05,179.0,Friday,False,False
2021-02-07,179.4,Sunday,True,False
2021-02-08,179.2,Monday,False,False
2021-02-09,176.8,Tuesday,False,False
2021-02-10,178.0,Wednesday,False,False
2021-02-11,179.2,Thursday,False,False
2021-02-12,178.4,Friday,False,False
2021-02-13,178.0,Saturday,True,False
2021-02-14,177.6,Sunday,True,False
2021-02-15,177.6,Monday,False,True
2021-02-16,178.8,Tuesday,False,False
2021-02-17,178.8,Wednesday,False,False
2021-02-18,178.2,Thursday,False,False
2021-02-19,178.0,Friday,False,False
2021-02-20,178.2,Saturday,True,False
2021-02-21,179.2,Sunday,True,False
2021-02-22,178.8,Monday,False,False
2021-02-23,179.0,Tuesday,False,False
2021-02-24,177.6,Wednesday,False,False
2021-02-25,178.4,Thursday,False,False
2021-02-26,178.4,Friday,False,False
2021-02-27,176.8,Saturday,True,False
2021-02-28,178.4,Sunday,True,False
2021-03-01,179.0,Monday,False,False
2021-03-02,179.0,Tuesday,False,False
2021-03-03,178.6,Wednesday,False,False
2021-03-04,178.2,Thursday,False,False
2021-03-05,178.0,Friday,False,False
2021-03-06,178.2,Saturday,True,False
2021-03-07,178.4,Sunday,True,False
2021-03-08,179.8,Monday,False,False
2021-03-09,178.6,Tuesday,False,False
2021-03-10,178.6,Wednesday,False,False
2021-03-11,179.8,Thursday,False,False
2021-03-12,179.0,Friday,False,False
2021-03-13,179.8,Saturday,True,False
2021-03-14,178.6,Sunday,True,False
2021-03-15,178.4,Monday,False,False
2021-03-16,179.6,Tuesday,False,False
2021-03-17,178.4,Wednesday,False,False
2021-03-18,178.8,Thursday,False,False
2021-03-19,179.0,Friday,False,False
2021-03-20,178.0,Saturday,True,False
2021-03-21,177.6,Sunday,True,False
2021-03-22,177.2,Monday,False,False
2021-03-23,178.2,Tuesday,False,False
2021-03-24,178.0,Wednesday,False,False
2021-03-25,178.2,Thursday,False,False
2021-03-26,178.4,Friday,False,False
2021-03-27,178.4,Saturday,True,False
2021-03-28,177.2,Sunday,True,False
2021-03-29,178.2,Monday,False,False
2021-03-30,178.4,Tuesday,False,False
2021-03-31,178.0,Wednesday,False,False
2021-04-01,177.0,Thursday,False,False
2021-04-02,177.0,Friday,False,False
2021-04-03,178.0,Saturday,True,False
2021-04-04,176.8,Sunday,True,False
2021-04-05,176.2,Monday,False,False
2021-04-06,176.2,Tuesday,False,False
2021-04-07,176.0,Wednesday,False,False
2021-04-08,176.0,Thursday,False,False
2021-04-09,176.8,Friday,False,False
2021-04-10,176.2,Saturday,True,False
2021-04-11,177.0,Sunday,True,False
2021-04-12,177.0,Monday,False,False
2021-04-13,177.4,Tuesday,False,False
2021-04-14,177.2,Wednesday,False,False
2021-04-15,178.0,Thursday,False,False
2021-04-16,176.0,Friday,False,False
2021-04-17,177.2,Saturday,True,False
2021-04-18,176.0,Sunday,True,False
2021-04-19,176.8,Monday,False,False
2021-04-20,178.4,Tuesday,False,False
2021-04-21,178.4,Wednesday,False,False
2021-04-22,179.2,Thursday,False,False
2021-04-23,178.0,Friday,False,False
2021-04-24,178.6,Saturday,True,False
2021-04-25,177.2,Sunday,True,False
2021-04-26,177.2,Monday,False,False
2021-04-27,179.0,Tuesday,False,False
2021-04-28,177.8,Wednesday,False,False
2021-04-29,177.8,Thursday,False,False
2021-04-30,178.4,Friday,False,False
2021-05-02,178.6,Sunday,True,False
2021-05-03,179.4,Monday,False,False
2021-05-04,178.6,Tuesday,False,False
2021-05-05,177.6,Wednesday,False,False
2021-05-06,179.4,Thursday,False,False
2021-05-07,179.2,Friday,False,False
2021-05-08,177.6,Saturday,True,False
2021-05-09,178.4,Sunday,True,False
2021-05-10,178.6,Monday,False,False
2021-05-11,180.6,Tuesday,False,False
2021-05-12,179.6,Wednesday,False,False
2021-05-13,179.0,Thursday,False,False
2021-05-15,179.6,Saturday,True,False
2021-05-16,179.0,Sunday,True,False
2021-05-17,179.0,Monday,False,False
2021-05-18,178.2,Tuesday,False,False
2021-05-19,178.6,Wednesday,False,False
2021-05-20,178.0,Thursday,False,False
2021-05-22,179.2,Saturday,True,False
2021-05-23,178.8,Sunday,True,False
2021-05-26,179.0,Wednesday,False,False
2021-05-27,179.2,Thursday,False,False
2021-05-28,181.6,Friday,False,False
2021-05-31,180.8,Monday,False,True
2021-06-01,180.8,Tuesday,False,False
2021-06-02,181.4,Wednesday,False,False
2021-06-03,180.2,Thursday,False,False
2021-06-04,179.4,Friday,False,False
2021-06-05,180.4,Saturday,True,False
2021-06-07,180.2,Monday,False,False
2021-06-08,179.2,Tuesday,False,False
2021-06-09,177.8,Wednesday,False,False
2021-06-10,177.4,Thursday,False,False
2021-06-11,177.6,Friday,False,False
2021-06-12,177.8,Saturday,True,False
2021-06-14,178.4,Monday,False,False
2021-06-15,179.2,Tuesday,False,False
2021-06-16,178.8,Wednesday,False,False
2021-06-17,177.8,Thursday,False,False
2021-06-18,180.0,Friday,False,True
2021-06-21,181.2,Monday,False,False
2021-06-22,179.8,Tuesday,False,False
2021-06-23,180.8,Wednesday,False,False
2021-06-24,180.8,Thursday,False,False
2021-06-25,179.8,Friday,False,False
2021-06-27,180.2,Sunday,True,False
2021-06-28,180.0,Monday,False,False
2021-06-29,180.4,Tuesday,False,False
2021-06-30,179.8,Wednesday,False,False
2021-07-01,179.8,Thursday,False,False
2021-07-02,179.6,Friday,False,False
2021-07-03,179.0,Saturday,True,False
2021-07-06,181.2,Tuesday,False,False
2021-07-07,179.6,Wednesday,False,False
2021-07-08,177.2,Thursday,False,False
2021-07-09,178.6,Friday,False,False
2021-07-10,179.2,Saturday,True,False
2021-07-11,178.0,Sunday,True,False
2021-07-12,178.4,Monday,False,False
2021-07-13,178.0,Tuesday,False,False
2021-07-14,180.4,Wednesday,False,False
2021-07-15,181.4,Thursday,False,False
2021-07-16,179.6,Friday,False,False
2021-07-18,180.2,Sunday,True,False
2021-07-19,179.6,Monday,False,False
2021-07-20,179.8,Tuesday,False,False
2021-07-21,180.2,Wednesday,False,False
2021-07-22,180.0,Thursday,False,False
2021-07-23,180.8,Friday,False,False
2021-07-24,181.2,Saturday,True,False
2021-07-25,178.8,Sunday,True,False
2021-07-26,179.4,Monday,False,False
2021-07-27,179.6,Tuesday,False,False
2021-07-28,179.8,Wednesday,False,False
2021-07-29,178.6,Thursday,False,False
2021-08-01,180.6,Sunday,True,False
2021-08-02,181.6,Monday,False,False
2021-08-03,181.2,Tuesday,False,False
2021-08-04,181.0,Wednesday,False,False
2021-08-05,179.2,Thursday,False,False
2021-08-06,177.2,Friday,False,False
2021-08-08,179.4,Sunday,True,False
2021-08-09,180.6,Monday,False,False
2021-08-10,181.0,Tuesday,False,False
2021-08-11,181.2,Wednesday,False,False
2021-08-13,178.6,Friday,False,False
2021-08-14,178.6,Saturday,True,False
2021-08-15,179.2,Sunday,True,False
2021-08-16,178.0,Monday,False,False
2021-08-17,178.8,Tuesday,False,False
2021-08-18,179.2,Wednesday,False,False
2021-08-19,179.2,Thursday,False,False
2021-08-20,180.2,Friday,False,False
2021-08-21,179.2,Saturday,True,False
2021-08-22,180.4,Sunday,True,False
2021-08-23,181.4,Monday,False,False
2021-08-24,182.0,Tuesday,False,False
2021-08-25,180.8,Wednesday,False,False
2021-08-26,180.4,Thursday,False,False
2021-08-27,179.6,Friday,False,False
2021-08-28,179.8,Saturday,True,False
2021-08-29,180.2,Sunday,True,False
2021-08-30,180.0,Monday,False,False
2021-08-31,181.4,Tuesday,False,False
2021-09-01,179.4,Wednesday,False,False
2021-09-02,181.6,Thursday,False,False
2021-09-03,181.2,Friday,False,False
2021-09-04,180.6,Saturday,True,False
2021-09-05,181.8,Sunday,True,False
2021-09-06,180.8,Monday,False,True
2021-09-07,181.4,Tuesday,False,False
2021-09-08,179.8,Wednesday,False,False
2021-09-09,182.0,Thursday,False,False
2021-09-10,182.4,Friday,False,False
2021-09-11,181.6,Saturday,True,False
2021-09-13,182.4,Monday,False,False
2021-09-14,182.0,Tuesday,False,False
2021-09-15,183.6,Wednesday,False,False
2021-09-16,184.4,Thursday,False,False
2021-09-17,183.0,Friday,False,False
2021-09-18,182.8,Saturday,True,False
2021-09-19,182.4,Sunday,True,False
2021-09-20,182.4,Monday,False,False
2021-09-21,182.6,Tuesday,False,False
2021-09-22,182.0,Wednesday,False,False
2021-09-23,182.4,Thursday,False,False
2021-09-24,182.0,Friday,False,False
2021-09-25,182.4,Saturday,True,False
2021-09-26,182.8,Sunday,True,False
2021-09-27,182.2,Monday,False,False
2021-09-28,182.4,Tuesday,False,False
2021-09-29,182.8,Wednesday,False,False
2021-10-01,182.6,Friday,False,False
2021-10-02,180.6,Saturday,True,False
2021-10-03,183.0,Sunday,True,False
2021-10-04,183.6,Monday,False,False
2021-10-05,183.8,Tuesday,False,False
2021-10-06,182.0,Wednesday,False,False
2021-10-07,181.6,Thursday,False,False
2021-10-08,181.8,Friday,False,False
2021-10-09,181.0,Saturday,True,False
2021-10-10,184.2,Sunday,True,False
2021-10-11,181.8,Monday,False,True
2021-10-12,184.0,Tuesday,False,False
2021-10-13,182.4,Wednesday,False,False
2021-10-14,181.0,Thursday,False,False
2021-10-15,181.0,Friday,False,False
2021-10-17,181.8,Sunday,True,False
2021-10-18,181.8,Monday,False,False
2021-10-19,182.4,Tuesday,False,False
2021-10-20,182.6,Wednesday,False,False
2021-10-21,183.0,Thursday,False,False
2021-10-22,183.0,Friday,False,False
2021-10-23,182.2,Saturday,True,False
2021-10-24,182.8,Sunday,True,False
2021-10-25,182.8,Monday,False,False
2021-10-26,182.8,Tuesday,False,False
2021-10-27,182.4,Wednesday,False,False
2021-10-28,182.0,Thursday,False,False
2021-10-29,182.8,Friday,False,False
2021-10-30,182.8,Saturday,True,False
2021-10-31,181.0,Sunday,True,False
2021-11-01,182.0,Monday,False,False
2021-11-02,181.6,Tuesday,False,False
2021-11-03,181.4,Wednesday,False,False
2021-11-04,180.6,Thursday,False,False
2021-11-05,179.6,Friday,False,False
2021-11-06,180.8,Saturday,True,False
2021-11-07,182.2,Sunday,True,False
2021-11-08,181.2,Monday,False,False
2021-11-09,183.4,Tuesday,False,False
2021-11-10,181.8,Wednesday,False,False
2021-11-11,181.2,Thursday,False,True
2021-11-13,183.6,Saturday,True,False
2021-11-14,181.6,Sunday,True,False
2021-11-15,182.4,Monday,False,False
2021-11-16,182.4,Tuesday,False,False
2021-11-17,181.2,Wednesday,False,False
2021-11-18,182.4,Thursday,False,False
2021-11-19,180.8,Friday,False,False
2021-11-20,181.6,Saturday,True,False
2021-11-21,183.0,Sunday,True,False
2021-11-22,182.0,Monday,False,False
2021-11-23,183.0,Tuesday,False,False
2021-11-24,183.2,Wednesday,False,False
2021-11-25,184.0,Thursday,False,True
2021-11-26,183.4,Friday,False,False
2021-11-27,183.8,Saturday,True,False
2021-11-28,184.6,Sunday,True,False
2021-11-29,184.4,Monday,False,False
2021-11-30,185.0,Tuesday,False,False
2021-12-01,183.4,Wednesday,False,False
2021-12-02,183.6,Thursday,False,False
2021-12-03,184.0,Friday,False,False
2021-12-04,183.6,Saturday,True,False
2021-12-05,183.4,Sunday,True,False
2021-12-06,183.2,Monday,False,False
2021-12-07,183.4,Tuesday,False,False
2021-12-08,183.4,Wednesday,False,False
2021-12-09,182.6,Thursday,False,False
2021-12-10,182.6,Friday,False,False
2021-12-11,182.8,Saturday,True,False
2021-12-12,182.6,Sunday,True,False
2021-12-13,183.8,Monday,False,False
2021-12-14,184.3,Tuesday,False,False
2021-12-15,183.8,Wednesday,False,False
2021-12-16,183.4,Thursday,False,False
2021-12-17,183.8,Friday,False,False
2021-12-20,184.8,Monday,False,False
2021-12-21,184.2,Tuesday,False,False
2021-12-23,182.8,Thursday,False,False
2021-12-24,182.0,Friday,False,True
2021-12-25,182.4,Saturday,True,True
2021-12-26,182.0,Sunday,True,False
2021-12-27,183.2,Monday,False,False
2021-12-28,184.0,Tuesday,False,False
2021-12-29,181.4,Wednesday,False,False
2021-12-30,182.2,Thursday,False,False
2022-01-03,185.6,Monday,False,False
2022-01-04,184.6,Tuesday,False,False
2022-01-05,184.0,Wednesday,False,False
2022-01-06,182.6,Thursday,False,False
2022-01-07,183.8,Friday,False,False
2022-01-08,184.0,Saturday,True,False
2022-01-10,184.8,Monday,False,False
2022-01-11,185.2,Tuesday,False,False
2022-01-12,185.4,Wednesday,False,False
2022-01-14,185.6,Friday,False,False
2022-01-16,184.8,Sunday,True,False
2022-01-17,185.4,Monday,False,True
2022-01-18,186.4,Tuesday,False,False
2022-01-19,184.6,Wednesday,False,False
2022-01-20,182.8,Thursday,False,False
2022-01-21,183.6,Friday,False,False
2022-01-22,183.2,Saturday,True,False
2022-01-23,183.8,Sunday,True,False
2022-01-24,184.4,Monday,False,False
2022-01-25,184.8,Tuesday,False,False
2022-01-26,185.2,Wednesday,False,False
2022-01-27,184.0,Thursday,False,False
2022-01-28,184.8,Friday,False,False
2022-01-29,184.8,Saturday,True,False
2022-01-30,184.6,Sunday,True,False
2022-01-31,183.0,Monday,False,False
2022-02-01,183.6,Tuesday,False,False
2022-02-02,183.2,Wednesday,False,False
2022-02-03,182.6,Thursday,False,False
2022-02-04,184.0,Friday,False,False
2022-02-05,184.8,Saturday,True,False
2022-02-06,184.4,Sunday,True,False
2022-02-07,183.2,Monday,False,False
2022-02-08,184.8,Tuesday,False,False
2022-02-10,182.4,Thursday,False,False
2022-02-11,183.0,Friday,False,False
2022-02-12,182.4,Saturday,True,False
2022-02-13,184.6,Sunday,True,False
2022-02-14,186.4,Monday,False,False
2022-02-15,185.2,Tuesday,False,False
2022-02-16,185.2,Wednesday,False,False
2022-02-17,183.2,Thursday,False,False
2022-02-18,182.6,Friday,False,False
2022-02-19,183.2,Saturday,True,False
2022-02-20,184.2,Sunday,True,False
2022-02-21,184.8,Monday,False,True
2022-02-22,184.8,Tuesday,False,False
2022-02-23,184.0,Wednesday,False,False
2022-02-24,183.2,Thursday,False,False
2022-02-27,183.6,Sunday,True,False
2022-02-28,183.6,Monday,False,False
2022-03-01,184.2,Tuesday,False,False
2022-03-02,182.8,Wednesday,False,False
2022-03-03,181.6,Thursday,False,False
2022-03-04,181.6,Friday,False,False
2022-03-05,181.6,Saturday,True,False
2022-03-06,181.4,Sunday,True,False
2022-03-07,181.6,Monday,False,False
2022-03-08,182.2,Tuesday,False,False
2022-03-09,181.8,Wednesday,False,False
2022-03-10,180.6,Thursday,False,False
2022-03-11,181.2,Friday,False,False
2022-03-12,181.4,Saturday,True,False
2022-03-13,180.6,Sunday,True,False
2022-03-14,179.4,Monday,False,False
2022-03-15,181.0,Tuesday,False,False
2022-03-16,179.8,Wednesday,False,False
2022-03-17,181.4,Thursday,False,False
2022-03-18,181.2,Friday,False,False
2022-03-19,180.6,Saturday,True,False
2022-03-20,180.4,Sunday,True,False
2022-03-21,181.6,Monday,False,False
2022-03-22,181.6,Tuesday,False,False
2022-03-23,179.8,Wednesday,False,False
2022-03-24,178.6,Thursday,False,False
2022-03-25,178.6,Friday,False,False
2022-03-26,178.6,Saturday,True,False
2022-03-27,179.0,Sunday,True,False
2022-03-28,180.6,Monday,False,False
2022-03-29,180.2,Tuesday,False,False
2022-03-30,180.4,Wednesday,False,False
2022-03-31,180.8,Thursday,False,False
2022-04-01,181.4,Friday,False,False
2022-04-02,179.0,Saturday,True,False
2022-04-03,178.8,Sunday,True,False
2022-04-04,178.0,Monday,False,False
2022-04-05,178.0,Tuesday,False,False
2022-04-06,178.0,Wednesday,False,False
2022-04-07,177.4,Thursday,False,False
2022-04-08,177.8,Friday,False,False
2022-04-09,179.0,Saturday,True,False
2022-04-10,177.8,Sunday,True,False
2022-04-12,176.6,Tuesday,False,False
2022-04-13,176.4,Wednesday,False,False
2022-04-14,177.4,Thursday,False,False
2022-04-15,176.2,Friday,False,False
2022-04-16,177.4,Saturday,True,False
2022-04-17,176.4,Sunday,True,False
2022-04-18,177.0,Monday,False,False
2022-04-19,177.6,Tuesday,False,False
2022-04-20,178.0,Wednesday,False,False
2022-04-21,178.0,Thursday,False,False
2022-04-22,179.8,Friday,False,False
2022-04-23,179.6,Saturday,True,False
2022-04-24,178.2,Sunday,True,False
2022-04-25,176.6,Monday,False,False
2022-04-26,176.2,Tuesday,False,False
2022-04-27,176.4,Wednesday,False,False
2022-04-28,176.2,Thursday,False,False
2022-04-29,176.4,Friday,False,False
2022-04-30,179.2,Saturday,True,False
2022-05-01,177.6,Sunday,True,False
2022-05-02,177.2,Monday,False,False
2022-05-04,177.6,Wednesday,False,False
2022-05-05,176.8,Thursday,False,False
2022-05-06,176.8,Friday,False,False
2022-05-07,176.4,Saturday,True,False
2022-05-08,174.8,Sunday,True,False
2022-05-09,175.2,Monday,False,False
2022-05-10,175.0,Tuesday,False,False
2022-05-11,174.8,Wednesday,False,False
2022-05-12,176.4,Thursday,False,False
2022-05-13,176.4,Friday,False,False
2022-05-14,177.6,Saturday,True,False
2022-05-15,179.0,Sunday,True,False
2022-05-16,176.4,Monday,False,False
2022-05-17,175.6,Tuesday,False,False
2022-05-18,175.8,Wednesday,False,False
2022-05-19,176.2,Thursday,False,False
2022-05-20,178.0,Friday,False,False
2022-05-21,174.8,Saturday,True,False
2022-05-22,175.8,Sunday,True,False
2022-05-23,174.4,Monday,False,False
2022-05-24,174.4,Tuesday,False,False
2022-05-25,175.4,Wednesday,False,False
2022-05-26,174.6,Thursday,False,False
2022-05-27,176.6,Friday,False,False
2022-05-28,176.6,Saturday,True,False
2022-05-29,176.2,Sunday,True,False
2022-05-30,175.8,Monday,False,True
2022-05-31,176.0,Tuesday,False,False
2022-06-01,176.6,Wednesday,False,False
2022-06-02,175.6,Thursday,False,False
2022-06-03,176.0,Friday,False,False
2022-06-04,176.6,Saturday,True,False
2022-06-05,176.6,Sunday,True,False
2022-06-06,176.4,Monday,False,False
2022-06-07,179.2,Tuesday,False,False
2022-06-08,178.8,Wednesday,False,False
2022-06-09,177.4,Thursday,False,False
2022-06-10,177.4,Friday,False,False
2022-06-11,177.0,Saturday,True,False
2022-06-12,177.4,Sunday,True,False
2022-06-13,177.4,Monday,False,False
2022-06-14,177.4,Tuesday,False,False
2022-06-15,179.8,Wednesday,False,False
2022-06-16,179.8,Thursday,False,False
2022-06-17,178.2,Friday,False,False
2022-06-18,176.4,Saturday,True,False
2022-06-19,178.2,Sunday,True,True
2022-06-20,178.8,Monday,False,True
2022-06-21,179.0,Tuesday,False,False
2022-06-22,176.4,Wednesday,False,False
2022-06-23,176.4,Thursday,False,False
2022-06-25,178.4,Saturday,True,False
2022-06-27,182.8,Monday,False,False
2022-06-28,180.6,Tuesday,False,False
2022-06-29,180.2,Wednesday,False,False
2022-06-30,179.4,Thursday,False,False
2022-07-02,180.2,Saturday,True,False
2022-07-03,180.8,Sunday,True,False
2022-07-04,181.6,Monday,False,True
2022-07-05,179.2,Tuesday,False,False
2022-07-06,180.4,Wednesday,False,False
2022-07-07,180.8,Thursday,False,False
2022-07-08,180.2,Friday,False,False
2022-07-09,181.2,Saturday,True,False
2022-07-10,182.0,Sunday,True,False
2022-07-11,181.0,Monday,False,False
2022-07-12,180.8,Tuesday,False,False
2022-07-13,181.2,Wednesday,False,False
2022-07-14,180.6,Thursday,False,False
2022-07-16,182.8,Saturday,True,False
2022-07-18,181.8,Monday,False,False
2022-07-19,182.8,Tuesday,False,False
2022-07-20,180.6,Wednesday,False,False
2022-07-21,179.4,Thursday,False,False
2022-07-22,179.4,Friday,False,False
2022-07-23,181.2,Saturday,True,False
2022-07-25,181.2,Monday,False,False
2022-07-26,179.8,Tuesday,False,False
2022-07-27,180.4,Wednesday,False,False
2022-07-28,180.6,Thursday,False,False
2022-07-29,180.2,Friday,False,False
2022-07-31,182.8,Sunday,True,False
2022-08-03,182.8,Wednesday,False,False
2022-08-04,183.4,Thursday,False,False
2022-08-05,182.0,Friday,False,False
2022-08-06,182.0,Saturday,True,False
2022-08-08,184.0,Monday,False,False
2022-08-09,184.4,Tuesday,False,False
2022-08-10,183.8,Wednesday,False,False
2022-08-11,182.6,Thursday,False,False
2022-08-12,182.4,Friday,False,False
2022-08-14,183.4,Sunday,True,False
2022-08-15,185.0,Monday,False,False
2022-08-18,183.0,Thursday,False,False
2022-08-19,179.4,Friday,False,False
2022-08-20,180.4,Saturday,True,False
2022-08-22,180.2,Monday,False,False
2022-08-24,182.4,Wednesday,False,False
2022-08-26,181.0,Friday,False,False
2022-08-27,180.4,Saturday,True,False
2022-08-28,180.8,Sunday,True,False
2022-08-29,181.0,Monday,False,False
2022-09-04,184.4,Sunday,True,False
2022-09-05,184.2,Monday,False,True
2022-09-06,184.8,Tuesday,False,False
2022-09-08,182.8,Thursday,False,False
2022-09-09,182.8,Friday,False,False
2022-09-10,184.8,Saturday,True,False
2022-09-13,185.6,Tuesday,False,False
2022-09-14,183.4,Wednesday,False,False
2022-09-15,186.6,Thursday,False,False
2022-09-16,185.0,Friday,False,False
2022-09-17,186.0,Saturday,True,False
2022-09-18,186.6,Sunday,True,False
2022-09-19,185.6,Monday,False,False
2022-09-20,187.4,Tuesday,False,False
2022-09-21,187.2,Wednesday,False,False
2022-09-22,185.6,Thursday,False,False
2022-09-23,186.2,Friday,False,False
2022-09-24,185.6,Saturday,True,False
2022-09-25,187.8,Sunday,True,False
2022-09-26,186.6,Monday,False,False
2022-09-27,184.6,Tuesday,False,False
2022-09-28,185.0,Wednesday,False,False
2022-09-29,185.8,Thursday,False,False
2022-09-30,183.8,Friday,False,False
2022-10-01,186.2,Saturday,True,False
2022-10-02,188.2,Sunday,True,False
2022-10-03,188.6,Monday,False,False
2022-10-04,184.4,Tuesday,False,False
2022-10-05,186.6,Wednesday,False,False
2022-10-06,187.2,Thursday,False,False
2022-10-07,187.0,Friday,False,False
2022-10-08,187.8,Saturday,True,False
2022-10-09,189.2,Sunday,True,False
2022-10-10,186.6,Monday,False,True
2022-10-11,187.6,Tuesday,False,False
2022-10-12,186.8,Wednesday,False,False
2022-10-14,188.8,Friday,False,False
2022-10-15,187.8,Saturday,True,False
2022-10-16,190.2,Sunday,True,False
2022-10-17,188.2,Monday,False,False
2022-10-18,187.0,Tuesday,False,False
2022-10-20,188.0,Thursday,False,False
2022-10-21,188.4,Friday,False,False
2022-10-22,189.2,Saturday,True,False
2022-10-23,191.0,Sunday,True,False
2022-10-24,189.0,Monday,False,False
2022-10-25,189.8,Tuesday,False,False
2022-10-26,189.4,Wednesday,False,False
2022-10-27,190.6,Thursday,False,False
2022-10-28,190.2,Friday,False,False
2022-10-29,188.4,Saturday,True,False
2022-10-30,191.4,Sunday,True,False
2022-10-31,192.6,Monday,False,False
2022-11-01,190.2,Tuesday,False,False
2022-11-02,189.8,Wednesday,False,False
2022-11-03,188.4,Thursday,False,False
2022-11-04,189.0,Friday,False,False
2022-11-05,190.2,Saturday,True,False
2022-11-06,192.0,Sunday,True,False
2022-11-07,189.8,Monday,False,False
2022-11-08,193.2,Tuesday,False,False
2022-11-09,189.2,Wednesday,False,False
2022-11-10,189.2,Thursday,False,False
2022-11-11,192.6,Friday,False,True
2022-11-12,192.0,Saturday,True,False
2022-11-13,190.4,Sunday,True,False
2022-11-14,192.0,Monday,False,False
2022-11-15,193.8,Tuesday,False,False
2022-11-16,192.0,Wednesday,False,False
2022-11-17,191.2,Thursday,False,False
2022-11-18,190.6,Friday,False,False
2022-11-19,191.0,Saturday,True,False
2022-11-20,192.4,Sunday,True,False
2022-11-21,192.8,Monday,False,False
2022-11-22,192.4,Tuesday,False,False
2022-11-23,192.4,Wednesday,False,False
2022-11-24,193.0,Thursday,False,True
2022-11-25,194.0,Friday,False,False
2022-11-26,194.8,Saturday,True,False
2022-11-27,193.2,Sunday,True,False
2022-11-28,193.2,Monday,False,False
2022-11-29,192.4,Tuesday,False,False
2022-11-30,193.2,Wednesday,False,False
2022-12-01,192.6,Thursday,False,False
2022-12-02,194.2,Friday,False,False
2022-12-03,194.2,Saturday,True,False
2022-12-06,193.6,Tuesday,False,False
2022-12-07,196.6,Wednesday,False,False
2022-12-08,194.8,Thursday,False,False
2022-12-09,194.0,Friday,False,False
2022-12-10,194.6,Saturday,True,False
2022-12-11,196.8,Sunday,True,False
2022-12-12,196.8,Monday,False,False
2022-12-13,194.6,Tuesday,False,False
2022-12-14,194.6,Wednesday,False,False
2022-12-15,193.2,Thursday,False,False
2022-12-16,195.6,Friday,False,False
2022-12-17,193.8,Saturday,True,False
2022-12-18,193.8,Sunday,True,False
2022-12-19,194.8,Monday,False,False
2022-12-20,194.6,Tuesday,False,False
2022-12-21,194.0,Wednesday,False,False
2022-12-22,194.6,Thursday,False,False
2022-12-23,196.6,Friday,False,False
2022-12-24,197.0,Saturday,True,False
2022-12-25,197.4,Sunday,True,True
2022-12-26,199.8,Monday,False,True
2022-12-27,195.4,Tuesday,False,False
2022-12-28,195.2,Wednesday,False,False
2022-12-29,196.0,Thursday,False,False
2022-12-30,197.0,Friday,False,False
2023-01-01,199.6,Sunday,True,True
2023-01-02,200.2,Monday,False,True
2023-01-03,196.0,Tuesday,False,False
2023-01-04,196.8,Wednesday,False,False
2023-01-05,194.6,Thursday,False,False
2023-01-06,195.6,Friday,False,False
2023-01-07,196.4,Saturday,True,False
2023-01-08,198.4,Sunday,True,False
2023-01-09,196.0,Monday,False,False
2023-01-10,197.2,Tuesday,False,False
2023-01-11,197.6,Wednesday,False,False
2023-01-12,198.0,Thursday,False,False
2023-01-13,197.0,Friday,False,False
2023-01-14,197.0,Saturday,True,False
2023-01-15,198.0,Sunday,True,False
2023-01-16,198.0,Monday,False,True
2023-01-17,196.8,Tuesday,False,False
2023-01-18,196.8,Wednesday,False,False
2023-01-19,197.6,Thursday,False,False
2023-01-21,199.8,Saturday,True,False
2023-01-22,199.2,Sunday,True,False
2023-01-23,198.2,Monday,False,False
2023-01-25,200.0,Wednesday,False,False
2023-01-26,198.0,Thursday,False,False
2023-01-27,198.2,Friday,False,False
2023-01-28,198.8,Saturday,True,False
2023-01-29,198.8,Sunday,True,False
2023-01-30,201.6,Monday,False,False
2023-01-31,198.4,Tuesday,False,False
2023-02-01,197.6,Wednesday,False,False
2023-02-02,198.8,Thursday,False,False
2023-02-06,202.2,Monday,False,False
2023-02-08,197.4,Wednesday,False,False
2023-02-09,198.8,Thursday,False,False
2023-02-10,200.8,Friday,False,False
2023-02-11,199.8,Saturday,True,False
2023-02-14,203.6,Tuesday,False,False
2023-02-15,201.6,Wednesday,False,False
2023-02-16,201.8,Thursday,False,False
2023-02-17,200.6,Friday,False,False
2023-02-18,201.0,Saturday,True,False
2023-02-19,199.8,Sunday,True,False
2023-02-20,202.6,Monday,False,True
2023-02-21,200.2,Tuesday,False,False
2023-02-22,200.0,Wednesday,False,False
2023-02-27,199.8,Monday,False,False
2023-02-28,200.8,Tuesday,False,False
2023-03-01,202.6,Wednesday,False,False
2023-03-02,200.6,Thursday,False,False
2023-03-03,200.0,Friday,False,False
2023-03-04,200.0,Saturday,True,False
2023-03-05,201.0,Sunday,True,False
2023-03-06,201.4,Monday,False,False
2023-03-07,200.8,Tuesday,False,False
2023-03-08,199.6,Wednesday,False,False
2023-03-09,199.6,Thursday,False,False
2023-03-10,199.2,Friday,False,False
2023-03-11,199.4,Saturday,True,False
2023-03-12,201.0,Sunday,True,False
2023-03-13,199.0,Monday,False,False
2023-03-14,199.2,Tuesday,False,False
2023-03-15,199.4,Wednesday,False,False
2023-03-16,201.6,Thursday,False,False
2023-03-17,200.2,Friday,False,False
2023-03-18,201.4,Saturday,True,False
2023-03-19,200.6,Sunday,True,False
2023-03-20,199.2,Monday,False,False
2023-03-21,200.6,Tuesday,False,False
2023-03-22,199.8,Wednesday,False,False
2023-03-23,200.8,Thursday,False,False
2023-03-24,198.4,Friday,False,False
2023-03-26,202.2,Sunday,True,False
2023-03-27,199.2,Monday,False,False
2023-03-28,199.2,Tuesday,False,False
2023-03-29,196.4,Wednesday,False,False
2023-03-30,198.4,Thursday,False,False
2023-04-02,200.8,Sunday,True,False
2023-04-04,200.0,Tuesday,False,False
2023-04-05,201.0,Wednesday,False,False
2023-04-06,200.8,Thursday,False,False
2023-04-07,201.8,Friday,False,False
2023-04-08,202.8,Saturday,True,False
2023-04-09,203.2,Sunday,True,False
2023-04-10,204.0,Monday,False,False
2023-04-11,201.6,Tuesday,False,False
2023-04-12,202.8,Wednesday,False,False
2023-04-13,201.2,Thursday,False,False
2023-04-14,202.0,Friday,False,False
2023-04-15,201.8,Saturday,True,False
2023-04-16,202.6,Sunday,True,False
2023-04-17,201.4,Monday,False,False
2023-04-18,202.2,Tuesday,False,False
2023-04-19,205.0,Wednesday,False,False
2023-04-20,203.0,Thursday,False,False
2023-04-21,202.2,Friday,False,False
2023-04-22,201.2,Saturday,True,False
2023-04-23,200.2,Sunday,True,False
2023-04-24,200.6,Monday,False,False
2023-04-25,198.4,Tuesday,False,False
2023-04-26,198.4,Wednesday,False,False
2023-04-27,199.0,Thursday,False,False
2023-04-28,201.0,Friday,False,False
2023-04-29,200.6,Saturday,True,False
2023-04-30,199.8,Sunday,True,False
2023-05-01,199.2,Monday,False,False
2023-05-03,201.8,Wednesday,False,False
2023-05-04,199.8,Thursday,False,False
2023-05-05,200.2,Friday,False,False
2023-05-06,202.0,Saturday,True,False
2023-05-07,202.0,Sunday,True,False
2023-05-08,200.0,Monday,False,False
2023-05-09,200.8,Tuesday,False,False
2023-05-10,201.8,Wednesday,False,False
2023-05-12,201.8,Friday,False,False
2023-05-15,204.8,Monday,False,False
2023-05-16,206.4,Tuesday,False,False
2023-05-18,205.0,Thursday,False,False
2023-05-19,201.6,Friday,False,False
2023-05-20,203.6,Saturday,True,False
2023-05-21,203.4,Sunday,True,False
2023-05-22,202.4,Monday,False,False
2023-05-23,203.2,Tuesday,False,False
2023-05-24,203.6,Wednesday,False,False
2023-05-25,202.4,Thursday,False,False
2023-05-26,203.2,Friday,False,False
2023-05-27,204.2,Saturday,True,False
2023-05-28,204.2,Sunday,True,False
2023-05-29,202.8,Monday,False,True
2023-05-30,201.8,Tuesday,False,False
2023-05-31,202.2,Wednesday,False,False
2023-06-01,203.2,Thursday,False,False
2023-06-02,202.2,Friday,False,False
2023-06-03,201.8,Saturday,True,False
2023-06-04,202.8,Sunday,True,False
2023-06-05,203.8,Monday,False,False
2023-06-06,202.4,Tuesday,False,False
2023-06-07,202.2,Wednesday,False,False
2023-06-08,202.4,Thursday,False,False
2023-06-09,202.2,Friday,False,False
2023-06-10,201.0,Saturday,True,False
2023-06-11,202.6,Sunday,True,False
2023-06-12,202.0,Monday,False,False
2023-06-13,205.2,Tuesday,False,False
2023-06-14,202.8,Wednesday,False,False
2023-06-16,206.0,Friday,False,False
2023-06-17,202.4,Saturday,True,False
2023-06-18,203.0,Sunday,True,False
2023-06-19,204.4,Monday,False,True
2023-06-20,203.4,Tuesday,False,False
2023-06-21,202.2,Wednesday,False,False
2023-06-22,203.4,Thursday,False,False
2023-06-23,203.0,Friday,False,False
2023-06-24,202.6,Saturday,True,False
2023-06-25,203.8,Sunday,True,False
2023-06-26,203.0,Monday,False,False
2023-06-27,203.2,Tuesday,False,False
2023-06-28,200.8,Wednesday,False,False
2023-06-29,202.4,Thursday,False,False
2023-06-30,200.8,Friday,False,False
2023-07-01,202.4,Saturday,True,False
2023-07-02,202.6,Sunday,True,False
2023-07-03,201.8,Monday,False,False
2023-07-05,201.6,Wednesday,False,False
2023-07-06,201.8,Thursday,False,False
2023-07-07,203.4,Friday,False,False
2023-07-08,204.0,Saturday,True,False
2023-07-09,203.4,Sunday,True,False
2023-07-11,202.8,Tuesday,False,False
2023-07-12,203.4,Wednesday,False,False
2023-07-13,202.8,Thursday,False,False
2023-07-14,204.2,Friday,False,False
2023-07-15,202.6,Saturday,True,False
2023-07-16,201.6,Sunday,True,False
2023-07-17,203.0,Monday,False,False
2023-07-18,203.4,Tuesday,False,False
2023-07-19,203.4,Wednesday,False,False
2023-07-20,201.6,Thursday,False,False
2023-07-21,202.2,Friday,False,False
2023-07-22,203.4,Saturday,True,False
2023-07-23,204.2,Sunday,True,False
2023-07-25,202.8,Tuesday,False,False
2023-07-26,203.8,Wednesday,False,False
2023-07-29,204.6,Saturday,True,False
2023-08-01,207.2,Tuesday,False,False
2023-08-02,206.4,Wednesday,False,False
2023-08-03,206.0,Thursday,False,False
2023-08-04,203.8,Friday,False,False
2023-08-05,203.8,Saturday,True,False
2023-08-09,206.8,Wednesday,False,False
2023-08-10,206.2,Thursday,False,False
2023-08-11,208.4,Friday,False,False
2023-08-13,206.2,Sunday,True,False
2023-08-14,206.0,Monday,False,False
2023-08-15,206.0,Tuesday,False,False
2023-08-16,205.4,Wednesday,False,False
2023-08-17,206.4,Thursday,False,False
2023-08-18,207.6,Friday,False,False
2023-08-19,210.2,Saturday,True,False
2023-08-20,207.4,Sunday,True,False
2023-08-21,207.6,Monday,False,False
2023-08-22,208.4,Tuesday,False,False
2023-08-23,208.2,Wednesday,False,False
2023-08-26,207.2,Saturday,True,False
2023-08-27,205.6,Sunday,True,False
2023-08-28,207.8,Monday,False,False
2023-08-29,208.8,Tuesday,False,False
2023-09-03,208.6,Sunday,True,False
2023-09-04,209.4,Monday,False,True
2023-09-05,207.8,Tuesday,False,False
2023-09-06,207.8,Wednesday,False,False
2023-09-07,207.6,Thursday,False,False
2023-09-08,206.0,Friday,False,False
2023-09-09,206.6,Saturday,True,False
2023-09-10,206.4,Sunday,True,False
2023-09-11,207.8,Monday,False,False
2023-09-13,207.8,Wednesday,False,False
2023-09-14,206.2,Thursday,False,False
2023-09-15,207.0,Friday,False,False
2023-09-18,208.8,Monday,False,False
2023-09-19,206.4,Tuesday,False,False
2023-09-21,207.2,Thursday,False,False
2023-09-22,206.6,Friday,False,False
2023-09-23,207.8,Saturday,True,False
2023-09-24,206.4,Sunday,True,False
2023-09-25,206.2,Monday,False,False
2023-09-26,206.2,Tuesday,False,False
2023-09-28,206.0,Thursday,False,False
2023-09-29,206.4,Friday,False,False
2023-09-30,207.4,Saturday,True,False
2023-10-01,206.6,Sunday,True,False
2023-10-02,207.4,Monday,False,False
2023-10-03,205.4,Tuesday,False,False
2023-10-04,205.8,Wednesday,False,False
2023-10-05,206.0,Thursday,False,False
2023-10-06,207.8,Friday,False,False
2023-10-07,206.4,Saturday,True,False
2023-10-08,207.2,Sunday,True,False
2023-10-09,206.0,Monday,False,True
2023-10-10,206.0,Tuesday,False,False
2023-10-11,206.4,Wednesday,False,False
2023-10-12,206.2,Thursday,False,False
2023-10-13,207.4,Friday,False,False
2023-10-14,207.6,Saturday,True,False
2023-10-15,206.8,Sunday,True,False
2023-10-16,209.8,Monday,False,False
2023-10-17,207.8,Tuesday,False,False
2023-10-18,207.2,Wednesday,False,False
2023-10-19,206.8,Thursday,False,False
2023-10-20,206.6,Friday,False,False
2023-10-21,209.2,Saturday,True,False
2023-10-22,208.0,Sunday,True,False
2023-10-23,207.0,Monday,False,False
2023-10-24,209.0,Tuesday,False,False
2023-10-25,209.6,Wednesday,False,False
2023-10-26,206.8,Thursday,False,False
2023-10-27,208.2,Friday,False,False
2023-10-28,207.2,Saturday,True,False
2023-10-29,207.2,Sunday,True,False
2023-10-30,209.0,Monday,False,False
2023-10-31,208.0,Tuesday,False,False
2023-11-01,208.4,Wednesday,False,False
2023-11-02,206.6,Thursday,False,False
2023-11-04,208.4,Saturday,True,False
2023-11-05,208.8,Sunday,True,False
2023-11-06,207.4,Monday,False,False
2023-11-07,208.4,Tuesday,False,False
2023-11-08,207.6,Wednesday,False,False
2023-11-09,208.2,Thursday,False,False
2023-11-10,207.6,Friday,False,True
2023-11-11,206.4,Saturday,True,True
2023-11-12,206.6,Sunday,True,False
2023-11-13,208.0,Monday,False,False
2023-11-14,209.8,Tuesday,False,False
2023-11-15,209.6,Wednesday,False,False
2023-11-16,209.4,Thursday,False,False
2023-11-17,208.2,Friday,False,False
2023-11-18,207.2,Saturday,True,False
2023-11-20,209.6,Monday,False,False
2023-11-21,212.4,Tuesday,False,False
2023-11-22,213.8,Wednesday,False,False
2023-11-24,209.6,Friday,False,False
2023-11-25,209.4,Saturday,True,False
2023-11-27,213.2,Monday,False,False
2023-11-28,210.0,Tuesday,False,False
2023-11-29,210.4,Wednesday,False,False
2023-11-30,211.6,Thursday,False,False
2023-12-01,210.0,Friday,False,False
2023-12-02,208.2,Saturday,True,False
2023-12-03,210.6,Sunday,True,False
2023-12-04,208.8,Monday,False,False
2023-12-05,207.2,Tuesday,False,False
2023-12-06,207.8,Wednesday,False,False
2023-12-07,205.6,Thursday,False,False
2023-12-08,207.8,Friday,False,False
2023-12-09,210.8,Saturday,True,False
2023-12-11,209.4,Monday,False,False
2023-12-13,209.4,Wednesday,False,False
2023-12-14,209.4,Thursday,False,False
2023-12-16,210.4,Saturday,True,False
2023-12-18,209.8,Monday,False,False
2023-12-19,211.4,Tuesday,False,False
2023-12-20,212.4,Wednesday,False,False
2023-12-21,211.4,Thursday,False,False
2023-12-22,212.2,Friday,False,False
2023-12-23,212.0,Saturday,True,False
2023-12-28,212.0,Thursday,False,False
2023-12-29,211.6,Friday,False,False
2023-12-30,211.4,Saturday,True,False
2023-12-31,211.8,Sunday,True,False
2024-01-03,212.8,Wednesday,False,False
2024-01-04,212.8,Thursday,False,False
2024-01-05,211.8,Friday,False,False
2024-01-06,210.8,Saturday,True,False
2024-01-09,217.4,Tuesday,False,False
2024-01-10,214.8,Wednesday,False,False
2024-01-11,214.8,Thursday,False,False
2024-01-12,214.4,Friday,False,False
2024-01-13,215.0,Saturday,True,False
2024-01-15,214.2,Monday,False,True
2024-01-16,214.6,Tuesday,False,False
2024-01-17,214.4,Wednesday,False,False
2024-01-18,213.2,Thursday,False,False
2024-01-19,213.2,Friday,False,False
2024-01-20,211.8,Saturday,True,False
2024-01-21,211.4,Sunday,True,False
2024-01-22,214.8,Monday,False,False
2024-01-23,214.8,Tuesday,False,False
2024-01-24,211.0,Wednesday,False,False
2024-01-25,211.8,Thursday,False,False
2024-01-26,213.8,Friday,False,False
2024-01-27,215.0,Saturday,True,False
2024-01-28,213.6,Sunday,True,False
2024-01-29,214.0,Monday,False,False
2024-01-30,213.0,Tuesday,False,False
2024-01-31,214.0,Wednesday,False,False
2024-02-01,213.2,Thursday,False,False
2024-02-03,214.6,Saturday,True,False
2024-02-05,212.8,Monday,False,False
2024-02-06,213.2,Tuesday,False,False
2024-02-07,212.4,Wednesday,False,False
2024-02-09,217.4,Friday,False,False
2024-02-10,216.0,Saturday,True,False
2024-02-11,215.4,Sunday,True,False
2024-02-12,214.8,Monday,False,False
2024-02-13,212.8,Tuesday,False,False
2024-02-14,216.0,Wednesday,False,False
2024-02-15,215.4,Thursday,False,False
2024-02-16,213.2,Friday,False,False
2024-02-17,212.8,Saturday,True,False
2024-02-18,211.6,Sunday,True,False
2024-02-20,212.8,Tuesday,False,False
2024-02-21,212.6,Wednesday,False,False
2024-02-22,213.8,Thursday,False,False
2024-02-23,211.8,Friday,False,False
2024-02-24,211.6,Saturday,True,False
2024-02-25,209.4,Sunday,True,False
2024-02-26,212.4,Monday,False,False
2024-02-27,213.2,Tuesday,False,False
2024-02-28,209.6,Wednesday,False,False
2024-02-29,210.6,Thursday,False,False
2024-03-01,212.4,Friday,False,False
2024-03-02,211.4,Saturday,True,False
2024-03-03,214.0,Sunday,True,False
2024-03-04,212.8,Monday,False,False
2024-03-05,212.4,Tuesday,False,False
2024-03-06,213.6,Wednesday,False,False
2024-03-07,214.4,Thursday,False,False
2024-03-08,212.4,Friday,False,False
2024-03-09,211.0,Saturday,True,False
2024-03-10,211.8,Sunday,True,False
2024-03-11,213.8,Monday,False,False
2024-03-12,214.8,Tuesday,False,False
2024-03-13,212.6,Wednesday,False,False
2024-03-14,212.0,Thursday,False,False
2024-03-15,214.8,Friday,False,False
2024-03-16,211.6,Saturday,True,False
2024-03-17,212.8,Sunday,True,False
2024-03-18,212.2,Monday,False,False
2024-03-19,214.2,Tuesday,False,False
2024-03-21,212.6,Thursday,False,False
2024-03-22,216.0,Friday,False,False
2024-03-23,213.0,Saturday,True,False
2024-03-24,214.0,Sunday,True,False
2024-03-25,213.8,Monday,False,False
2024-03-26,212.6,Tuesday,False,False
2024-03-27,216.2,Wednesday,False,False
2024-03-28,216.2,Thursday,False,False
2024-03-29,213.8,Friday,False,False
2024-03-30,212.6,Saturday,True,False
2024-03-31,215.8,Sunday,True,False
2024-04-01,216.2,Monday,False,False
2024-04-02,216.4,Tuesday,False,False
2024-04-03,214.0,Wednesday,False,False
2024-04-04,214.8,Thursday,False,False
2024-04-05,214.8,Friday,False,False
2024-04-06,215.8,Saturday,True,False
2024-04-07,215.8,Sunday,True,False
2024-04-08,215.4,Monday,False,False
2024-04-09,216.6,Tuesday,False,False
2024-04-10,215.2,Wednesday,False,False
2024-04-11,215.8,Thursday,False,False
2024-04-12,213.6,Friday,False,False
2024-04-13,216.6,Saturday,True,False
2024-04-14,215.0,Sunday,True,False
2024-04-15,212.8,Monday,False,False
2024-04-16,214.2,Tuesday,False,False
2024-04-17,217.0,Wednesday,False,False
2024-04-18,215.0,Thursday,False,False
2024-04-19,215.6,Friday,False,False
2024-04-20,214.2,Saturday,True,False
2024-04-21,213.8,Sunday,True,False
2024-04-22,215.4,Monday,False,False
2024-04-23,214.8,Tuesday,False,False
2024-04-24,214.6,Wednesday,False,False
2024-04-25,213.6,Thursday,False,False
2024-04-26,214.6,Friday,False,False
2024-04-27,214.4,Saturday,True,False
2024-04-28,214.8,Sunday,True,False
2024-04-29,215.8,Monday,False,False
2024-04-30,216.2,Tuesday,False,False
2024-05-01,213.8,Wednesday,False,False
2024-05-02,214.2,Thursday,False,False
2024-05-03,213.2,Friday,False,False
2024-05-04,214.4,Saturday,True,False
2024-05-05,214.4,Sunday,True,False
2024-05-06,213.8,Monday,False,False
2024-05-07,213.0,Tuesday,False,False
2024-05-08,213.4,Wednesday,False,False
2024-05-09,214.8,Thursday,False,False
2024-05-10,214.6,Friday,False,False
2024-05-11,212.8,Saturday,True,False
2024-05-12,213.8,Sunday,True,False
2024-05-13,215.2,Monday,False,False
2024-05-14,214.4,Tuesday,False,False
2024-05-15,213.2,Wednesday,False,False
2024-05-16,213.6,Thursday,False,False
2024-05-17,214.0,Friday,False,False
2024-05-18,212.6,Saturday,True,False
2024-05-19,212.2,Sunday,True,False
2024-05-20,212.4,Monday,False,False
2024-05-22,213.6,Wednesday,False,False
2024-05-23,215.2,Thursday,False,False
2024-05-24,215.2,Friday,False,False
2024-05-25,215.4,Saturday,True,False
2024-05-26,214.6,Sunday,True,False
2024-05-27,216.0,Monday,False,True
2024-05-28,216.4,Tuesday,False,False
2024-05-29,215.0,Wednesday,False,False
2024-05-30,215.2,Thursday,False,False
2024-05-31,216.2,Friday,False,False
2024-06-01,216.2,Saturday,True,False
2024-06-02,217.0,Sunday,True,False
2024-06-03,216.8,Monday,False,False
2024-06-04,215.8,Tuesday,False,False
2024-06-05,215.2,Wednesday,False,False
2024-06-06,219.2,Thursday,False,False
2024-06-07,219.0,Friday,False,False
2024-06-08,216.8,Saturday,True,False
2024-06-09,215.2,Sunday,True,False
2024-06-10,215.4,Monday,False,False
2024-06-11,215.0,Tuesday,False,False
2024-06-12,217.2,Wednesday,False,False
2024-06-13,217.2,Thursday,False,False
2024-06-14,215.8,Friday,False,False
2024-06-15,218.2,Saturday,True,False
2024-06-16,218.4,Sunday,True,False
2024-06-17,215.4,Monday,False,False
2024-06-18,216.8,Tuesday,False,False
2024-06-19,216.0,Wednesday,False,True
2024-06-20,216.8,Thursday,False,False
2024-06-21,215.2,Friday,False,False
2024-06-22,214.8,Saturday,True,False
2024-06-23,217.0,Sunday,True,False
2024-06-24,216.8,Monday,False,False
2024-06-25,215.6,Tuesday,False,False
2024-06-26,215.0,Wednesday,False,False
2024-06-27,215.4,Thursday,False,False
2024-06-28,213.4,Friday,False,False
2024-06-29,215.9,Saturday,True,False
2024-06-30,216.8,Sunday,True,False
2024-07-01,217.4,Monday,False,False
2024-07-02,219.8,Tuesday,False,False
2024-07-03,216.3,Wednesday,False,False
2024-07-04,217.5,Thursday,False,True
2024-07-06,215.1,Saturday,True,False
2024-07-07,213.6,Sunday,True,False
2024-07-08,216.8,Monday,False,False
2024-07-09,216.2,Tuesday,False,False
2024-07-10,215.7,Wednesday,False,False
2024-07-11,217.6,Thursday,False,False
2024-07-12,215.6,Friday,False,False
2024-07-13,217.0,Saturday,True,False
2024-07-14,220.1,Sunday,True,False
2024-07-15,216.9,Monday,False,False
2024-07-16,215.4,Tuesday,False,False
2024-07-17,216.9,Wednesday,False,False
2024-07-18,215.4,Thursday,False,False
2024-07-19,215.4,Friday,False,False
2024-07-20,214.7,Saturday,True,False
2024-07-21,214.7,Sunday,True,False
2024-07-22,214.8,Monday,False,False
2024-07-23,214.8,Tuesday,False,False
2024-07-24,214.1,Wednesday,False,False
2024-07-25,214.8,Thursday,False,False
2024-07-26,213.1,Friday,False,False
2024-07-27,213.5,Saturday,True,False
2024-07-28,215.8,Sunday,True,False
2024-07-29,215.6,Monday,False,False
2024-07-30,217.9,Tuesday,False,False
2024-07-31,221.0,Wednesday,False,False
2024-08-01,217.0,Thursday,False,False
2024-08-02,215.5,Friday,False,False
2024-08-03,216.3,Saturday,True,False
2024-08-04,214.3,Sunday,True,False
2024-08-05,217.4,Monday,False,False
2024-08-06,216.5,Tuesday,False,False
2024-08-07,216.8,Wednesday,False,False
2024-08-08,213.4,Thursday,False,False
2024-08-09,214.9,Friday,False,False
2024-08-10,217.4,Saturday,True,False
2024-08-11,217.4,Sunday,True,False
2024-08-12,214.6,Monday,False,False
2024-08-13,214.7,Tuesday,False,False
2024-08-14,214.3,Wednesday,False,False
2024-08-15,215.4,Thursday,False,False
2024-08-16,215.1,Friday,False,False
2024-08-17,215.7,Saturday,True,False
2024-08-18,217.4,Sunday,True,False
2024-08-19,217.0,Monday,False,False
2024-08-20,214.4,Tuesday,False,False
2024-08-21,213.2,Wednesday,False,False
2024-08-22,214.5,Thursday,False,False
2024-08-23,217.6,Friday,False,False
2024-08-24,217.5,Saturday,True,False
2024-08-25,216.2,Sunday,True,False
2024-08-26,216.6,Monday,False,False
2024-08-27,214.9,Tuesday,False,False
2024-08-28,216.6,Wednesday,False,False
2024-08-29,221.3,Thursday,False,False
2024-08-30,218.5,Friday,False,False
2024-08-31,217.7,Saturday,True,False
2024-09-01,216.5,Sunday,True,False
2024-09-02,215.1,Monday,False,True
2024-09-03,214.2,Tuesday,False,False
2024-09-04,213.7,Wednesday,False,False
2024-09-05,216.7,Thursday,False,False
2024-09-06,214.8,Friday,False,False
2024-09-07,216.9,Saturday,True,False
2024-09-08,216.6,Sunday,True,False
2024-09-09,217.8,Monday,False,False
2024-09-10,217.6,Tuesday,False,False
2024-09-11,217.2,Wednesday,False,False
2024-09-12,215.9,Thursday,False,False
2024-09-13,213.2,Friday,False,False
2024-09-14,214.8,Saturday,True,False
2024-09-15,213.6,Sunday,True,False
2024-09-16,215.1,Monday,False,False
2024-09-17,214.8,Tuesday,False,False
2024-09-18,213.0,Wednesday,False,False
2024-09-19,212.6,Thursday,False,False
2024-09-20,214.0,Friday,False,False
2024-09-21,218.1,Saturday,True,False
2024-09-22,215.4,Sunday,True,False
2024-09-23,216.1,Monday,False,False
2024-09-24,214.9,Tuesday,False,False
2024-09-25,215.3,Wednesday,False,False
2024-09-26,214.9,Thursday,False,False
2024-09-27,213.3,Friday,False,False
2024-09-28,213.7,Saturday,True,False
2024-09-29,213.3,Sunday,True,False
